,eps,max emp_c,max emp_u1,avg emp_c,std emp_c,RMSE_c,avg emp_u1,std emp_u1,RMSE_u1,size,T_C,T_C+T_S,T_X
0,0.1,0.0011057705680020727,0.7926221246368287,0.00048708419613615196,0.0003084172084118345,0.0005765172925161485,0.7444854284078207,0.02891565024434604,0.7450467555399659,106385.0,2.2662856578826904,1716.2903809547424,4429.767217636108
1,0.2,0.018274884449980495,0.9390947186757741,0.013272426196179165,0.0030152525153911295,0.013610622500995154,0.9267898679429184,0.0073762788369897605,0.9268192212136804,21047.0,1.9398891925811768,346.0146281719208,4429.767217636108
2,0.3,0.10171912792805429,0.9374502545135251,0.0718814062816519,0.020985840642258547,0.07488218797878554,0.8600385450845646,0.05452153241785818,0.8617649891521273,6597.0,1.8961491584777832,169.1772277355194,4429.767217636108
3,0.4,0.06961371341446887,0.9623503275967967,0.05148173557608841,0.010839720544162488,0.052610537341884506,0.9609534109865325,0.000880268232986553,0.9609538141652874,2851.0,1.866008996963501,53.94609498977661,4429.767217636108
4,0.5,0.09630412801715274,0.9979916420309188,0.0598597850578018,0.02568909798979241,0.06513926329561448,0.992194662006381,0.003971548566204914,0.9922026106153773,1472.0,1.8805575370788574,41.15006494522095,4429.767217636108
