,eps,max emp_c,max emp_u1,avg emp_c,std emp_c,RMSE_c,avg emp_u1,std emp_u1,RMSE_u1,size,T_C,T_C+T_S,T_X
0,0.1,0.006488553151942675,0.013032376321813135,0.002248403673241926,0.001550642243811891,0.002731265356229922,0.004595853551439346,0.0031263180986739144,0.00555839317792235,116660.0,3.211967706680298,457.6975300312042,812.3518466949463
1,0.2,0.019802263418962147,0.04426776167586054,0.006362754724352712,0.004235928098857534,0.007643803669702904,0.009271850309711348,0.00788335614666226,0.01217023057714241,23003.0,2.591611623764038,95.78439331054688,812.3518466949463
2,0.3,0.035550687754178606,0.05835277432897666,0.010318904726610822,0.008105030626802817,0.013121406792653096,0.01706964855298659,0.01296016052849273,0.021432187537598162,7240.0,2.59358811378479,36.08253192901611,812.3518466949463
3,0.4,0.07491710843665382,0.10526996565332189,0.021367911276298023,0.014569157695030475,0.02586209558899684,0.028461788305136956,0.020252885174427165,0.034932116331750675,3101.0,2.500365972518921,17.567736864089966,812.3518466949463
4,0.5,0.07258556459299108,0.10108801322697307,0.02496186777293436,0.018031651502492838,0.030793429471574152,0.035290612819986446,0.024077596198221796,0.04272186784183034,1593.0,2.463752508163452,13.223304748535156,812.3518466949463
