,eps,max emp_c,max emp_u1,max emp_u2,avg emp_c,avg emp_u1,avg emp_u2,std emp_c,std emp_u1,std emp_u2,size,T_S/T_X,T_C/T_X
0,0.1,0.05729023397703813,0.06619701821449786,0.09044592390238404,0.021668754060611736,0.03157651841390867,0.02705525950910518,0.012797380605381494,0.016276665835544407,0.020890439310491976,20578.0,0.10800781211658614,0.7782970525871146
1,0.2,0.11367147101739808,0.1746868112549172,0.14105867758366716,0.042931038645373516,0.09248874685236848,0.05042063206185746,0.02467515976682355,0.038191671682111364,0.030089455487065344,5941.0,0.030725726209639457,0.6209653437014448
2,0.3,0.13787423730978343,0.32771602427816376,0.2603102602742546,0.03843696785453117,0.18825279417463073,0.164380970658653,0.030814403022095344,0.060339550696847724,0.03983538862544855,2873.0,0.015210452335069114,0.5711123941466868
3,0.4,0.13706507066573517,0.40528591193846475,0.23030512966071953,0.037221622670341376,0.25831505541612654,0.0632517245811349,0.03258157357003423,0.0757734984541871,0.05238870812400595,1660.0,0.008909615734008653,0.5424407864172974
4,0.5,0.22649743996512578,0.46419979752622165,0.2632240366612926,0.12461962680514853,0.3417119378647698,0.13299049428698967,0.0429596253740066,0.06778095527632258,0.05691702760129965,1130.0,0.006218333931117402,0.5582490208705161
