,eps,max emp_c,max emp_u1,max emp_u2,avg emp_c,avg emp_u1,avg emp_u2,std emp_c,std emp_u1,std emp_u2,size,T_S/T_X,T_C/T_X
0,0.1,0.02932084355789688,0.0403672770155695,0.07294805339292097,0.01108642993378184,0.014308598557778654,0.02096423305731787,0.007544409500474996,0.010903323383635187,0.015704009704934813,9671.0,0.05118739269957126,2.223368302569522
1,0.2,0.06898135399211083,0.10353584554131619,0.16764698724814095,0.019701716628338202,0.030107739308634338,0.042142887341336636,0.014657320173831308,0.020959106916587686,0.036114761082567275,2483.0,0.013848507290633588,2.126845508794809
2,0.3,0.10795325044909174,0.12036219654298597,0.2022942032710262,0.03888317769505195,0.042895298479481744,0.048510659999789325,0.025905717601990823,0.03044213002265148,0.045031557414623884,1109.0,0.005239325453653237,2.0384274998672756
3,0.4,0.1209590119890033,0.2762631943488693,0.37036878215591845,0.037532941749645346,0.13158389209855614,0.0876238946638969,0.030866000391843975,0.06378897924981863,0.0687793575782214,624.0,0.0032948054953142107,1.966241049816742
4,0.5,0.1611901557328321,0.35033551495410165,0.24619942780497694,0.04537674675138716,0.11095015893358964,0.07498243783929996,0.03561277668082056,0.08471815119470008,0.05430646371702715,400.0,0.001993700381712791,1.9955492078126755
