,eps,max emp_c,max emp_u1,avg emp_c,std emp_c,RMSE_c,avg emp_u1,std emp_u1,RMSE_u1,size,T_C,T_C+T_S,T_X
0,0.1,0.005098761294279332,0.015319561145909103,0.0014776203871089235,0.0012321635415764938,0.001923951403125935,0.006568096942086837,0.003950371617244627,0.007664550433977351,116481.0,2.462507486343384,372.0310161113739,457.93595266342163
1,0.2,0.017555712920808736,0.02946825219025648,0.00629096294508939,0.004255522180935196,0.007595109203225403,0.010633397756559493,0.007407059741742885,0.01295892286677225,23043.0,1.9469890594482422,80.38677525520325,457.93595266342163
2,0.3,0.03583994556553992,0.04124661970036282,0.010988214652681771,0.008233092519019863,0.013730428750776546,0.013742936766254415,0.010389760166887608,0.01722833210983326,7217.0,1.8859546184539795,29.46371340751648,457.93595266342163
3,0.4,0.055405672139766805,0.08603968660105156,0.016404046787141965,0.012425108033050624,0.020578533976639876,0.02589671234009653,0.019515141827812704,0.03242653960238979,3095.0,1.8929359912872314,18.45050311088562,457.93595266342163
4,0.5,0.0635805389947048,0.1303935991502196,0.01932748379349807,0.01479070263722377,0.024337553580643816,0.06798089193574525,0.03151024185679446,0.07492861276076822,1590.0,1.8506333827972412,8.66038465499878,457.93595266342163
